Prospect #,Firm Name,Phone,Email,Email Status,Location / Address on file,Website,Size,Specialization,Why Target,Source Section,Contacted Already,First Contact Date,Contact Wave,Sequence,Email 1 Subject,Email 2 Sent Date,Email 2 Subject
1,"MEDOWS CPA, PLLC",(646) 415-8011,,No public email / form only,"New York, NY (Lower Manhattan)",https://www.medowscpa.com,Small (boutique firm),"Tax preparation & planning for high net worth individuals, freelancers, and small businesses; international tax (US/UK expats)","Boutique firm serving freelancers and small businesses = high volume of individual document collection. Modern web presence with online booking, client portal already in place - tech-forward.",NORTHEAST,No,,,,,,
2,Mei CPA PC,(718) 975-3363,info@meicpa.com,Confirmed,"Brooklyn, NY",https://meicpa.com,Small (2-5 employees),"Full-service CPA - tax prep, bookkeeping, IRS audit representation, payroll, ITIN issuance",IRS Certified Acceptance Agent issuing ITINs means heavy immigrant/international client base - these clients are ideal for WhatsApp-based communication. High-volume individual tax returns.,NORTHEAST,Yes,2026-03-12,USA Campaign Wave 2,C,Mei CPA PC - reaching clients who prefer WhatsApp,2026-03-19,Re: Mei CPA PC - reaching clients who prefer WhatsApp
3,Kempa & Company CPAs LLP,(800) 477-5857,,No public email / form only,"Locust Valley, NY (serves NYC metro)",https://www.kempacpa.com,Small (boutique),"Accounting, tax prep, bookkeeping for small businesses; serves real estate, medical, law, construction, nonprofits",Multi-industry small business focus means lots of clients needing documents collected. Free consultation model suggests growth-oriented.,NORTHEAST,No,,,,,,
4,Tristan CPA,+1-617-977-4807,hello@tristancpa.com,Confirmed,"Boston, MA",https://www.tristancpa.com,Small (boutique),"Cloud-based bookkeeping, tax prep, payroll for small businesses and startups; retail, real estate, non-profit","Already cloud-based and tech-forward (fixed-rate bookkeeping, modern accounting tech). Ideal early adopter for WhatsApp automation. Serves startups and small businesses = high client volume.",NORTHEAST,Yes,2026-03-11,USA Campaign Launch (Wave 1),B,,2026-03-18,Re: Tristan CPA's next automation win
5,Simon CPAs,617-627-9995,support@simonaccounting.com,Confirmed,"Boston, MA (also Braintree & Westwood, MA)",https://www.simon-cpas.com,"Small (3 locations, likely 5-15 employees)","Small business accounting, tax, bookkeeping, payroll, financial consulting",Three locations = growing firm with capacity challenges. Small business focus means high volume of clients needing document collection during tax season.,NORTHEAST,Yes,2026-03-11,USA Campaign Launch (Wave 1),A,,2026-03-18,Re: The follow-ups killing your team's time at Simon CPAs
6,"CPA Philly (McGovern & Associates, P.C.)",(215) 483-5555,info@cpaphilly.com,Confirmed,"Philadelphia, PA",https://www.cpaphilly.com,Small (established 1992),"Full-service CPA - tax compliance, accounting, auditing, financial planning, bookkeeping; serves healthcare, real estate, hospitality, tech, legal, nonprofits","Self-described ""grass roots accountants"" with broad client base across many industries. 30+ year firm likely dealing with high volume of returning tax clients needing annual document collection.",NORTHEAST,Yes,2026-03-11,USA Campaign Launch (Wave 1),A,,2026-03-18,Re: CPA Philly - still chasing clients for documents?
7,"MacAlpine Carll and Co., LLC",(215) 923-1101,cpa@macalpinecarll.com,Confirmed,"Philadelphia, PA",https://www.macalpinecarll.com,"Small (est. 1910, longstanding local firm)","Tax management, accounting, audits, financial statements, financial planning",100+ year old firm - deeply rooted local client base likely means hundreds of recurring individual and small business clients. Document collection automation would be transformative.,NORTHEAST,Yes,2026-03-12,USA Campaign Wave 2,A,"MacAlpine Carll and Co., LLC - still chasing clients for documents?",2026-03-19,"Re: MacAlpine Carll and Co., LLC - still chasing clients for documents?"
8,"Fricke & Associates, LLC",770-216-2226,info@frickecpa.com,Confirmed,"Peachtree Corners, GA (also Marietta & Atlanta)",https://frickecpa.com,"Small (3 GA locations, ~5-15 employees)","Tax prep & planning, audits, bookkeeping, payroll, business consulting; serves attorneys, filmmakers, nonprofits, contractors, healthcare",Three locations with diverse client base = significant document collection burden. AICPA and GA Society member - professional and credible.,SOUTHEAST,Yes,2026-03-11,USA Campaign Launch (Wave 1),A,,2026-03-18,"Re: Fricke & Associates, LLC - still chasing clients for documents?"
9,Debbie Griffiths CPA LLC,(404) 874-8271,info@griffithsatlanta.com,Confirmed,"Atlanta, GA",https://www.griffithsatlanta.com,Small (solo/small practice),"Business accounting & advisory, tax solutions, QuickBooks implementation/training",Small firm serving business owners and independent professionals. QuickBooks training shows tech-forward mindset. Solo/small practice would benefit greatly from automation.,SOUTHEAST,Yes,2026-03-12,USA Campaign Wave 2,B,Debbie Griffiths CPA LLC's next automation win,2026-03-19,Re: Debbie Griffiths CPA LLC's next automation win
10,"Eliseo CPA, LLC",(470) 289-6260,jared@eliseocpa.com,Confirmed,"Atlanta, GA",https://www.eliseocpa.com,Small (founder + small team),"Tax prep, bookkeeping, payroll, consulting, CFO services for individuals and small businesses nationwide","Big Four alumni running a small practice - understands scale and efficiency. Serves clients nationwide = remote document collection is already a challenge. Modern website, clearly tech-savvy.",SOUTHEAST,Yes,2026-03-11,USA Campaign Launch (Wave 1),B,,2026-03-18,"Re: The one workflow Eliseo CPA, LLC probably hasn't automated yet"
11,The Atlanta CPA Group LLC,678-235-4060,info@atlcpagroup.com,Confirmed,"Duluth, GA (Metro Atlanta)",https://atlcpagroup.com,Small (est. 2011),"Accounting, tax, business consulting; healthcare, real estate, truckers, tech, entertainers","Diverse niche client base (truckers, entertainers) = lots of unique document needs. AICPA member, QuickBooks certified - tech-forward.",SOUTHEAST,Yes,2026-03-12,USA Campaign Wave 2,B,The one workflow The Atlanta CPA Group LLC probably hasn't automated yet,2026-03-19,Re: The one workflow The Atlanta CPA Group LLC probably hasn't automated yet
12,JM CPA Group,(305) 677-3677,Info@JMCPAGroup.com,Confirmed,"Miami, FL (West Miami/Flagami)",https://www.jmcpagroup.com,Small,"Accounting, tax prep, business consulting, outsourced CFO, QuickBooks, IRS representation; serves small business owners, medical professionals, e-commerce",Miami = large Spanish-speaking client base ideal for WhatsApp communication. Serves e-commerce and medical professionals who generate lots of documents. Modern service offerings.,SOUTHEAST,Yes,2026-03-11,USA Campaign Launch (Wave 1),C,,2026-03-18,Re: JM CPA Group - reaching clients who prefer WhatsApp
13,MiamiCPA LLC,(305) 466-9772,glenn@miamicpa.com,Confirmed,"North Miami, FL",https://www.miamicpa.com,Small,"Tax advisory, international taxes, crypto accounting; serves physicians, real estate, attorneys, foreign nationals, import/export",Bilingual (English/Spanish) with evening/weekend appointments = client-focused culture that values accessibility. International/foreign national clients are WhatsApp-native. Crypto + international = complex document needs.,SOUTHEAST,Yes,2026-03-12,USA Campaign Wave 2,C,Document collection for MiamiCPA LLC's diverse client base,2026-03-19,Re: Document collection for MiamiCPA LLC's diverse client base
14,Miyares Group,(305) 640-8521,,No public email / form only,"Coral Gables, FL (also Naples & Winter Garden)",https://miyaresgroup.com,Small-Medium (3 FL locations),"Boutique accounting & consulting - outsourced CFO, bookkeeping, tax, audit, business consulting; construction, real estate, retail, automotive, professional services",Boutique with 3 locations in South Florida since 2006 - growing firm with scaling challenges. Construction and real estate clients need lots of documentation.,SOUTHEAST,No,,,,,,
15,GLSC & Company PLLC,(305) 373-0123,info@glsccpa.com,Confirmed,"Miami, FL",https://glsccpa.com,"Medium-small (40+ years, affiliated with BKR International)","Auditing, accounting, tax, management consulting for South Florida",40+ year firm = large legacy client base. BKR International affiliation shows ambition beyond a basic local practice.,SOUTHEAST,Yes,2026-03-12,USA Campaign Wave 2,A,The follow-ups killing your team's time at GLSC & Company PLLC,2026-03-19,Re: The follow-ups killing your team's time at GLSC & Company PLLC
16,"Evan Hutcheson, CPA, LLC",615-727-2295,evan@evanhcpa.com,Confirmed,"Nashville, TN",https://www.evanhcpa.com,Small (est. 2012),"Tax prep, bookkeeping, payroll, virtual accounting, business management consulting",Virtual accounting services = already tech-forward. Small firm handling tax prep + bookkeeping + payroll = overwhelmed with document collection during busy season.,SOUTHEAST,No,,,,,,
17,"Parsons CPA, PLLC",(704) 332-4000,accounting@parsonscpa.com,Confirmed,"Charlotte, NC (also Dallas, NC)",https://www.parsonscpa.com,"Small (est. 1990, 2 locations)","Full-service CPA for privately owned companies and small businesses - tax, accounting, consulting, audits",35+ years serving small businesses with 2 locations. Saturday hours = high demand they're struggling to meet. Document automation would give relief.,SOUTHEAST,Yes,2026-03-12,USA Campaign Wave 2,A,"Quick question about document collection at Parsons CPA, PLLC",2026-03-19,"Re: Quick question about document collection at Parsons CPA, PLLC"
18,"Carolina Accounting & Tax Service, PLLC",(704) 375-2715,service@carolinaaccounting.com,Confirmed,"Charlotte, NC (South Charlotte)",https://www.carolinaaccounting.com,Small,"Bookkeeping, small business accounting, payroll, tax prep, HR management; healthcare, law, real estate, hospitality","Offers HR + payroll alongside accounting = high document volume from multiple service lines. ""Partners in your company's journey"" messaging = relationship-driven, would value client communication tools.",SOUTHEAST,Yes,2026-03-12,USA Campaign Wave 2,A,Carolina Accounting & Tax Service - still chasing clients for documents?,2026-03-19,Re: Carolina Accounting & Tax Service - still chasing clients for documents?
19,"The A.C.T. Group, LLC",(773) 657-9810,,No public email / form only,"Chicago, IL (North Side)",https://www.actgroupltd.com,Small,"Small business CPA - accounting, tax, consulting",North Side Chicago small business CPA = high density of small business clients. Boutique practice would benefit enormously from document collection automation.,MIDWEST,No,,,,,,
20,Stenger Tax Advisory,(630) 912-8504,Chris.Jordan@stengerfamilyoffice.com,Confirmed,"Naperville, IL (also Chicago, IL & Houston, TX)",https://www.stengertax.com,"Small (3 locations, ~5-10 employees)","Individual/family tax, small business tax (S-corps, C-corps, partnerships), bookkeeping, outsourced accounting, tax planning",Multi-location with diverse client types = scaling challenges in document collection. Connected to family office = high-net-worth clients who expect premium service.,MIDWEST,Yes,2026-03-12,USA Campaign Wave 2,A,The follow-ups killing your team's time at Stenger Tax Advisory,2026-03-19,Re: The follow-ups killing your team's time at Stenger Tax Advisory
21,Rapacki + Co,952-945-5011,joe@rapacki.com,Confirmed,"Edina, MN (Minneapolis metro)",https://rapacki.com,Small,"Taxes, retirement planning, financial statements, long-term financial strategy for individuals and small businesses","Small firm with client-focused approach. Tax + retirement planning = heavy annual document collection from individual clients. ""Solution-oriented mindset"" suggests openness to new tools.",MIDWEST,Yes,2026-03-12,USA Campaign Wave 2,A,Quick question about document collection at Rapacki + Co,2026-03-19,Re: Quick question about document collection at Rapacki + Co
22,Scott Reid CPAs,651-635-9776,,No public email / form only,"Roseville, MN (Twin Cities)",https://www.scottreidcpa.com,Small,"Accounting, tax, business advisory; construction, franchises, medical, real estate, tech","Industry-specific expertise across document-heavy sectors (construction, medical, real estate). Personal one-on-one approach = would value tools that scale personal touch.",MIDWEST,No,,,,,,
23,JAG CPA & Co,(713) 234-5112,,No public email / form only,"Houston, TX",https://jagcpa.com,Small,"Small business tax & advisory, payroll, bookkeeping, QuickBooks, client accounting services (CAS), trucking industry specialist",CAS model = ongoing monthly client work with continuous document needs. Trucking niche = owner-operators who are mobile and WhatsApp-friendly. Modern blog-driven website shows tech awareness.,SOUTHWEST,No,,,,,,
24,Cooper CPA Group,(713) 243-8590,hello@coopercpagroup.com,Confirmed,"Houston, TX",https://www.coopercpagroup.com,Small (20+ years),"Growth consulting, tax minimization, business strategy, M&A, QuickBooks consulting","""Google-like collaborative environment"" = tech-forward culture. Growth consulting focus means they work with scaling businesses that have increasing document needs.",SOUTHWEST,Yes,2026-03-11,USA Campaign Launch (Wave 1),B,,2026-03-18,Re: Cooper CPA Group's next automation win
25,"Hooker CPA Firm, PLLC",281-942-7967,,No public email / form only,"Houston, TX",https://www.hookercpa.com,Small,"Tax prep, new business formation, tax relief services",New business formation = onboarding many new clients who need document collection workflow. Tax relief = IRS cases requiring extensive client documentation.,SOUTHWEST,No,,,,,,
26,Patten & Company,214-696-1922,info@ptcpas.com,Confirmed,"Dallas, TX",https://ptcpas.com,Small-Medium (est. 1969),"Tax, accounting, auditing; real estate, oil & gas, agriculture, entrepreneurial businesses, estate planning",55+ year DFW institution = massive recurring client base. Real estate + oil & gas + agriculture = document-intensive industries.,SOUTHWEST,Yes,2026-03-11,USA Campaign Launch (Wave 1),A,,2026-03-18,Re: Quick question about document collection at Patten & Company
27,L&H CPAs and Advisors,972-421-1099,info@lhcpafirm.com,Confirmed,"Dallas, TX",https://www.lhcpafirm.com,Small (1-10 employees),"Boutique firm - small business tax & accounting, personal tax planning, family office, wealth management, CFO services","Self-described ""boutique sized firm"" with ""relationship driven"" approach. Family office + wealth management = high-touch clients needing seamless document exchange.",SOUTHWEST,Yes,2026-03-12,USA Campaign Wave 2,A,L&H CPAs and Advisors - still chasing clients for documents?,2026-03-19,Re: L&H CPAs and Advisors - still chasing clients for documents?
28,MJ Ahmed CPA PLLC,(214) 636-8100,mj@dallascpa.net,Confirmed,"Dallas, TX",https://dallascpa.net,Small,Accounting & tax services,Small Dallas practice with direct principal email = decision-maker is reachable. Premium domain (dallascpa.net) shows marketing awareness.,SOUTHWEST,Yes,2026-03-12,USA Campaign Wave 2,A,The follow-ups killing your team's time at MJ Ahmed CPA PLLC,2026-03-19,Re: The follow-ups killing your team's time at MJ Ahmed CPA PLLC
29,Foster Financial CPA,(602) 833-3260,office@fosterfinancialcpa.com,Confirmed,"Scottsdale, AZ (serves Phoenix metro)",https://fosterfinancialcpa.com,Small (boutique),"Bookkeeping, tax prep, CFO consulting, cash flow management for small businesses; Phoenix, Scottsdale, Chandler, Austin","Boutique with multi-city presence (AZ + Austin) = growing and scaling. Mission to ""reduce time in dealing with accounting"" = perfect alignment with automation pitch.",SOUTHWEST,Yes,2026-03-11,USA Campaign Launch (Wave 1),B,,2026-03-18,Re: Foster Financial CPA's next automation win
30,XZ CPA,602-296-4808,,No public email / form only,"Phoenix, AZ (Desert Ridge)",https://xz-cpa.com,Small,"Tax, accounting, consulting for businesses, their owners, and independent professionals; Phoenix/Scottsdale area",Desert Ridge location = serves affluent North Phoenix businesses. Independent professionals + business owners = lots of individual and business returns.,SOUTHWEST,No,,,,,,
31,"SMB CPA Group, PC",(323) 568-1623,contact@smbcpagroup.com,Confirmed,"Los Angeles / Glendale, CA",https://www.smbcpagroup.com,"Small (est. 2021, boutique)","Real estate, creatives/artists, tech, professional services, personal care, healthcare/medical; tax compliance + strategy + planning","Modern boutique founded 2021 = digital-native firm open to new tech. Tiered engagement model (TCO/TCSP/CSOW) shows process sophistication. Creative/artist clients = non-traditional, mobile, WhatsApp-friendly.",WEST COAST,Yes,2026-03-12,USA Campaign Wave 2,B,"SMB CPA Group, PC's next automation win",2026-03-19,"Re: SMB CPA Group, PC's next automation win"
32,"Jarrar & Associates CPA, Inc.",(310) 887-1313,samcpa@jarrarcpa.com,Confirmed,"Beverly Hills, CA (multiple SoCal locations)",https://jarrarcpa.com,Small-Medium (5+ locations across SoCal),"Tax, accounting, financial/retirement planning; Beverly Hills, Marina Del Rey, Santa Monica, Torrance, Irvine",Multi-location SoCal presence = high client volume across wealthy areas. Document collection across 5+ offices = operational pain point WhatsApp automation solves.,WEST COAST,Yes,2026-03-12,USA Campaign Wave 2,A,"Quick question about document collection at Jarrar & Associates CPA, Inc.",2026-03-19,"Re: Quick question about document collection at Jarrar & Associates CPA, Inc."
33,"B.O.L. Global, Inc.",(415) 409-0010,info@bolglobalcpa.com,Confirmed,"San Francisco, CA",https://www.bolglobalcpa.com,"Small (est. 2002, CPAs with 60+ years combined experience)","Full-service CPA for SMBs - bookkeeping, tax, payroll, business startup assistance","""Big firm capability, small firm personality"" = values efficiency + personal touch. 20+ years in SF = deep local client relationships. Serves startups = tech-comfortable clients.",WEST COAST,Yes,2026-03-12,USA Campaign Wave 2,B,"The one workflow B.O.L. Global, Inc. probably hasn't automated yet",2026-03-19,"Re: The one workflow B.O.L. Global, Inc. probably hasn't automated yet"
34,"San Diego, CPA (Professional Tax & Accountancy Corp.)",(858) 800-3888,info@sandiegocpas.com,Confirmed,"San Diego, CA (2 locations)",https://www.sandiegocpas.com,Small (2 offices),Tax and accounting for individuals and businesses; 2 San Diego locations,Two SD locations + toll-free number = serving high volume of clients. Virtual meeting capability shows tech readiness.,WEST COAST,Yes,2026-03-12,USA Campaign Wave 2,B,San Diego CPA's next automation win,2026-03-19,Re: San Diego CPA's next automation win
35,"Thomas Huckabee, CPA, Inc.",(858) 945-5510,thomas.huckabee@tehcpa.net,Confirmed,"La Jolla, CA (San Diego County)",https://tehcpa.net,Small (est. 1984),"Outsourced accounting, CFO consulting, tax planning, QuickBooks Online; real estate, tech, construction, financial services",40+ year firm with outsourced/virtual accounting model = already doing remote work with clients. CFO consulting + QBO = tech-savvy. Serves clients nationwide from La Jolla.,WEST COAST,Yes,2026-03-12,USA Campaign Wave 2,B,"The one workflow Thomas Huckabee, CPA, Inc. probably hasn't automated yet",2026-03-19,"Re: The one workflow Thomas Huckabee, CPA, Inc. probably hasn't automated yet"
36,Pitch CPA,425-487-6888,info@PitchCPA.com,Confirmed,"Bothell, WA (Seattle metro)",https://www.pitchcpa.com,Small (100+ years combined team experience),"Tax prep (real estate, small business, tech employees, startups), tax planning, IRS audit resolution, bookkeeping, payroll","""Relationship-driven approach"" serving tech employees and startups in Seattle metro = tech-forward clientele who expect modern tools. Startup consulting = onboarding new businesses with heavy doc needs.",PACIFIC NORTHWEST,Yes,2026-03-11,USA Campaign Launch (Wave 1),B,,2026-03-18,Re: Pitch CPA's next automation win
37,Perpetual CPA,(503) 217-4114,info@perpetualcpa.com,Confirmed,"Portland, OR",https://perpetualcpa.com,Small (~35 years combined leadership experience),"Full-stack accounting department services - bookkeeping, tax, payroll, virtual CFO; healthcare, dental, cannabis, tech, real estate","""Full-stack accounting"" model = high ongoing document flow from monthly clients. Cannabis industry = complex compliance documentation. Modern brand, nationwide service.",PACIFIC NORTHWEST,Yes,2026-03-12,USA Campaign Wave 2,B,Perpetual CPA's next automation win,2026-03-19,Re: Perpetual CPA's next automation win
38,Neumann Curtis CPAs,(503) 200-2507,info@neumanncurtis.com,Confirmed,"Portland, OR",https://www.neumanncurtis.com,Small,"Tax & advisory for business owners, executives, independent professionals","Business owners + independent professionals = classic high-volume tax client base needing document collection. Portland = progressive, tech-embracing market.",PACIFIC NORTHWEST,Yes,2026-03-12,USA Campaign Wave 2,A,Neumann Curtis CPAs - still chasing clients for documents?,2026-03-19,Re: Neumann Curtis CPAs - still chasing clients for documents?
39,"O'Connor CPA Firm, LLC",303-623-2676 ext 1,Tricia@OConnorCPAFirm.com,Confirmed,"Denver, CO",https://www.oconnorcpafirm.com,Small (boutique by design),"Business accounting, tax, QuickBooks, business advisory; construction, consulting, law, retail","""Small, boutique firm by design"" with strategic growth focus. ""Business Advisors with a foundation in accounting"" = values tools that elevate service. Construction + retail = document-heavy.",MOUNTAIN WEST,Yes,2026-03-12,USA Campaign Wave 2,B,"The one workflow O'Connor CPA Firm, LLC probably hasn't automated yet",2026-03-19,"Re: The one workflow O'Connor CPA Firm, LLC probably hasn't automated yet"
40,Sai CPA Services,(908) 888-8900,info@saicpaservices.com,Confirmed,"East Brunswick, NJ (Northeast)",https://www.saicpaservices.com,,"Tax planning, bookkeeping, payroll, virtual CFO, business valuation",,"Wave 3 Prospects — Added March 12, 2026",Yes,2026-03-13,USA Campaign Wave 3,B,Sai CPA Services's next automation win,,
41,"Demian & Company, LLC (TaxProCPA)",(908) 272-4452,info@taxprocpa.com,Confirmed,"Cranford & Clark, NJ (Northeast)",https://taxprocpa.com,,"Full-service tax & accounting, 2000+ clients, express/remote services",,"Wave 3 Prospects — Added March 12, 2026",Yes,2026-03-13,USA Campaign Wave 3,A,"Demian & Company, LLC - still chasing clients for documents?",,
42,"Brooks & Associates, CPAs, Inc.",(781) 275-4199,info@brookscpafirm.com,Confirmed,"Bedford, MA (Northeast)",https://www.brookscpafirm.com,,"Small business accounting, tax, payroll, bookkeeping",,"Wave 3 Prospects — Added March 12, 2026",Yes,2026-03-13,USA Campaign Wave 3,B,"The one workflow Brooks & Associates, CPAs, Inc. probably hasn't automated yet",,
43,"Blankenship CPA Group, PLLC",(615) 373-3771,info@bcpas.com,Confirmed,"Brentwood, TN - 7 offices across Nashville area (Southeast)",https://www.bcpas.com,,"Tax, audit, bookkeeping, entertainment industry, construction, nonprofits",,"Wave 3 Prospects — Added March 12, 2026",Yes,2026-03-13,USA Campaign Wave 3,A,"The follow-ups killing your team's time at Blankenship CPA Group, PLLC",,
44,Lewis CPA LLC,(615) 400-6314,marye@lewiscpallc.com,Confirmed,"Nashville, TN (Southeast)",https://www.lewiscpallc.com,,"Small business accounting, bookkeeping, healthcare, law firms, music & entertainment",,"Wave 3 Prospects — Added March 12, 2026",Yes,2026-03-13,USA Campaign Wave 3,B,Lewis CPA LLC's next automation win,,
45,Silicon Valley CPA Firm,(650) 300-1980,jph@siliconvalleyCPAFirm.com,Confirmed,"Cupertino, CA (West Coast)",https://www.siliconvalleyaccountant.com,,"Small business, forensic accounting, construction, healthcare, dentists",,"Wave 3 Prospects — Added March 12, 2026",Yes,2026-03-13,USA Campaign Wave 3,B,The one workflow Silicon Valley CPA Firm probably hasn't automated yet,,
46,"K. A. Lindow, CPA, P.C.",(480) 734-3758,ken@lindowcpa.com,Confirmed,"Phoenix, AZ (Southwest)",https://www.lindowcpa.com,,"Small business tax, QuickBooks, self-directed 401K/IRA, real estate, outsourced CPA",,"Wave 3 Prospects — Added March 12, 2026",Yes,2026-03-13,USA Campaign Wave 3,B,"K. A. Lindow, CPA, P.C.'s next automation win",,
47,"Bryant & Associates, LLC",(678) 402-6557,travareis@bryantcpallc.com,Confirmed,"Douglasville, GA (Southeast)",https://www.bryantcpallc.com,,"Small business accounting, tax, QuickBooks, cryptocurrency, forensic accounting",,"Wave 3 Prospects — Added March 12, 2026",Yes,2026-03-13,USA Campaign Wave 3,B,"The one workflow Bryant & Associates, LLC probably hasn't automated yet",,
48,Matthew P. Schlanger CPA LLC,(720) 295-8091,matthew@cpaschlanger.com,Confirmed,"Littleton, CO (Mountain/Denver area)",https://cpaschlanger.com,,"Business accounting, CFO services, tax prep, payroll, QuickBooks",,"Wave 3 Prospects — Added March 12, 2026",Yes,2026-03-13,USA Campaign Wave 3,B,Matthew P. Schlanger CPA LLC's next automation win,,
49,"Jaffer Merchant, CPA",(346) 853-4916,info@jaffermerchantcpa.com,Confirmed,"Houston, TX (Southwest)",https://www.jaffermerchantcpa.com,,"Small business accounting, tax, bookkeeping, QuickBooks, cryptocurrency",,"Wave 3 Prospects — Added March 12, 2026",Yes,2026-03-13,USA Campaign Wave 3,B,"The one workflow Jaffer Merchant, CPA probably hasn't automated yet",,
50,CPA 1099 (Mosher Seifert + Co PC),(281) 991-1099,info@cpa1099.com,Confirmed,"Houston, TX (Southwest)",https://www.cpa1099.com,,"Small business tax, accounting",,"Wave 4 Prospects - Added March 12, 2026 (Batch Research)",Yes,2026-03-13,USA Campaign Wave 3,A,Quick question about document collection at CPA 1099,,
51,Harlem CPA,(917) 733-9367,info@cpaharlem.com,Confirmed,"New York, NY (Northeast)",https://www.cpaharlem.com,,CPA services for individuals and small businesses,,"Wave 4 Prospects - Added March 12, 2026 (Batch Research)",Yes,2026-03-13,USA Campaign Wave 3,C,Harlem CPA - reaching clients who prefer WhatsApp,,
52,Friedman & Associates PA,(410) 653-2456,marc@friedmancpa.com,Confirmed,"Owings Mills, MD (Northeast)",https://www.friedmancpa.com,,"Tax, accounting, consulting",,"Wave 4 Prospects - Added March 12, 2026 (Batch Research)",Yes,2026-03-13,USA Campaign Wave 3,A,Friedman & Associates PA - still chasing clients for documents?,,
53,RALL CPA (Carolina Tax Masters),(704) 295-6404,druocco@rallcpa.com,Confirmed,"Charlotte, NC (Southeast)",https://www.rallcpa.com,,"Tax preparation, accounting",,"Wave 4 Prospects - Added March 12, 2026 (Batch Research)",Yes,2026-03-13,USA Campaign Wave 3,A,The follow-ups killing your team's time at RALL CPA,,
54,NCL CPA Firm,(919) 841-1000,contact@ncllcpa.com,Confirmed,"Raleigh, NC (Southeast)",https://ncllcpa.com,,Tax and accounting services for businesses,,"Wave 4 Prospects - Added March 12, 2026 (Batch Research)",Yes,2026-03-13,USA Campaign Wave 3,A,Quick question about document collection at NCL CPA Firm,,
55,Raymond Lyle CPA PLLC,(206) 970-1208,andrew@raymondlylecpa.com,Confirmed,"Seattle, WA (West Coast)",https://www.raymondlylecpa.com,,"Accounting, tax services",,"Wave 4 Prospects - Added March 12, 2026 (Batch Research)",Yes,2026-03-13,USA Campaign Wave 3,B,Raymond Lyle CPA PLLC's next automation win,,
56,Seattle Tax Group LLC,(206) 333-2610,brian@seattletaxgroup.com,Confirmed,"Seattle, WA (West Coast)",https://www.seattletaxgroup.com,,"CPA, accounting, tax services",,"Wave 4 Prospects - Added March 12, 2026 (Batch Research)",Yes,2026-03-13,USA Campaign Wave 3,B,The one workflow Seattle Tax Group LLC probably hasn't automated yet,,
57,Lockhart & Powell CPAs,(719) 578-8200,reception@lockhartandpowell.com,Confirmed,"Colorado Springs, CO (Mountain)",https://www.lockhartandpowell.com,,Accounting firm,,"Wave 4 Prospects - Added March 12, 2026 (Batch Research)",Yes,2026-03-13,USA Campaign Wave 3,A,Lockhart & Powell CPAs - still chasing clients for documents?,,
58,Pillai CPA,(972) 203-2010,taxinfo@pillaicpa.com,Confirmed,"Dallas, TX (Southwest)",https://www.pillaicpa.com,,"CPA, tax services",,"Wave 4 Prospects - Added March 12, 2026 (Batch Research)",Yes,2026-03-13,USA Campaign Wave 3,C,Document collection for Pillai CPA's diverse client base,,
59,Hollis CPA Firm,(512) 539-0440,cameron@holliscpa.com,Confirmed,"Austin, TX (Southwest)",https://www.holliscpa.com,,"Tax, accounting",,"Wave 4 Prospects - Added March 12, 2026 (Batch Research)",Yes,2026-03-13,USA Campaign Wave 3,A,The follow-ups killing your team's time at Hollis CPA Firm,,
60,Carlson CPA,(818) 312-1664,bill@carlsoncpa.com,Confirmed,"Valencia, CA (West Coast)",https://www.carlsoncpa.com,,"Accounting, tax",,"Wave 4 Prospects - Added March 12, 2026 (Batch Research)",No,,,,,,
61,Lane CPA,(313) 961-1181,info@lane-cpa.com,Confirmed,"Detroit, MI (Midwest)",https://www.lane-cpa.com,,"Accounting, tax, business consulting",,"Wave 4 Prospects - Added March 12, 2026 (Batch Research)",No,,,,,,
62,Laubie Dotson Ryan LLC,(614) 745-3600,info@ldrcpa.com,Confirmed,"Columbus, OH (Midwest)",https://www.ldrcpa.com,,"CPA, small business accounting",,"Wave 4 Prospects - Added March 12, 2026 (Batch Research)",No,,,,,,
63,Florida CPA Firm LLC,(305) 342-3994,info@flacpafirm.com,Confirmed,South Florida (Southeast),https://www.flacpafirm.com,,"Tax preparation, accounting",,"Wave 4 Prospects - Added March 12, 2026 (Batch Research)",No,,,,,,
64,Wilson CPA PC,(845) 342-1000,bob@robertwilsoncpa.com,Confirmed,"Middletown, NY (Northeast)",https://www.wilsoncpa.com,,"Tax, accounting",,"Wave 4 Prospects - Added March 12, 2026 (Batch Research)",No,,,,,,
65,Alan C. Young & Associates PC,(313) 873-7500,info@alancyoung.com,Confirmed,"Detroit, MI (Midwest)",https://www.alancyoung.com,,"Audit, accounting, tax, consulting (minority-owned)",,"Wave 4 Prospects - Added March 12, 2026 (Batch Research)",No,,,,,,
66,CLD & Associates LLC,(866) 908-0937,info@cldassociatesllc.com,Confirmed,"Detroit, MI (Midwest)",https://www.cldassociatesllc.com,,"Accounting, tax",,"Wave 4 Prospects - Added March 12, 2026 (Batch Research)",No,,,,,,
67,Harris Burnett Arend & Schmiesing (HBAS) CPAs,(614) 436-2727,admin@hbastax.com,Confirmed,"Columbus, OH (Midwest)",http://hbastax.com,,"Tax, accounting",,"Wave 4 Prospects - Added March 12, 2026 (Batch Research)",No,,,,,,
68,Hogan CPA Financial Services,(614) 392-9604,info@hogancpaservices.com,Confirmed,"Columbus, OH (Midwest)",https://hogancpaservices.com,,"Tax, accounting",,"Wave 4 Prospects - Added March 12, 2026 (Batch Research)",No,,,,,,
69,Alex Bianchi CPA,(380) 444-6807,alex@alexbianchicpa.com,Confirmed,"Columbus, OH (Midwest)",https://www.alexbianchicpa.com,,Small business tax services,,"Wave 4 Prospects - Added March 12, 2026 (Batch Research)",No,,,,,,
70,Perfect Balance CPA,(614) 235-8877,steph@perfectbalancecpa.com,Confirmed,"Columbus, OH (Midwest)",https://www.perfectbalancecpa.com,,"Accounting, tax",,"Wave 4 Prospects - Added March 12, 2026 (Batch Research)",No,,,,,,
71,JP Tax and Bookkeeping,(614) 330-9002,jpabon@jptaxllc.com,Confirmed,"Columbus, OH (Midwest)",https://jptaxllc.com,,"Small business bookkeeping, tax",,"Wave 4 Prospects - Added March 12, 2026 (Batch Research)",No,,,,,,
72,Harper & Co CPA,(614) 456-7222,tax@harpercpaplus.com,Confirmed,"Columbus, OH (Midwest)",https://www.harpercpaplus.com,,"CPA services, tax",,"Wave 4 Prospects - Added March 12, 2026 (Batch Research)",No,,,,,,
73,BBI Accounting,(614) 486-5480,admin@bbiaccounting.com,Confirmed,"Columbus, OH (Midwest)",https://bbiaccounting.com,,"Income tax preparation, individuals and small corporations",,"Wave 4 Prospects - Added March 12, 2026 (Batch Research)",No,,,,,,
74,Newman & Company CPAs,(216) 781-6106,tax@newmancpas.com,Confirmed,"Cleveland, OH (Midwest)",https://www.newmancpas.com,,"Accounting, tax",,"Wave 4 Prospects - Added March 12, 2026 (Batch Research)",No,,,,,,
75,Cleveland CPA Firm,1(800) 355-6320,info@clevelandcpafirm.com,Confirmed,"Cleveland, OH (Midwest)",https://clevelandcpafirm.com,,"Tax, audit, advisory",,"Wave 4 Prospects - Added March 12, 2026 (Batch Research)",No,,,,,,
76,Fox Peterson LLC,(480) 898-7640,hello@foxpeterson.com,Confirmed,"Mesa, AZ (Southwest)",https://foxpeterson.com,,"Small business tax, QuickBooks, bookkeeping",,"Wave 4 Prospects - Added March 12, 2026 (Batch Research)",No,,,,,,
77,TC Tax & Accounting,(480) 649-9550,cpa@tccpa.com,Confirmed,"Mesa, AZ (Southwest)",https://tccpa.com,,"Tax, accounting for individuals and small businesses",,"Wave 4 Prospects - Added March 12, 2026 (Batch Research)",No,,,,,,
78,Count On Us CPA,(330) 322-4621,debbie@countonuscpa.com,Confirmed,"Akron, OH (Midwest)",https://countonuscpa.com,,"QuickBooks, bookkeeping, payroll, CFO services",,"Wave 4 Prospects - Added March 12, 2026 (Batch Research)",No,,,,,,
79,Millman CPA Strategic Solutions,(615) 672-9205,lisa@lisamillmancpa.com,Confirmed,"Nashville, TN (Southeast)",https://lisamillmancpa.com,,"Small business tax, accounting, QuickBooks",,"Wave 4 Prospects - Added March 12, 2026 (Batch Research)",No,,,,,,
80,Rocca CPA,(612) 361-6515,hello@roccacpa.com,Confirmed,"Minneapolis, MN (Midwest)",https://roccacpa.com,,"Startups, growing businesses, fractional CFO",,"Wave 4 Prospects - Added March 12, 2026 (Batch Research)",No,,,,,,
81,Hammernik & Associates,(414) 545-1890,info@hammernikassoc.com,Confirmed,"Greenfield, WI (Milwaukee area, Midwest)",https://hammernikassoc.com,,"Tax planning, advisory, small business",,"Wave 4 Prospects - Added March 12, 2026 (Batch Research)",No,,,,,,
82,Roberts CPA Group,(502) 426-0000,infonow@roberts.cpa,Confirmed,"Louisville, KY (Southeast)",https://roberts.cpa,,"Bookkeeping, tax, accounting",,"Wave 4 Prospects - Added March 12, 2026 (Batch Research)",No,,,,,,
83,Miyaki CPA,(808) 522-1042,jay@miyakicpa.com,Confirmed,"Honolulu, HI (Pacific)",https://miyakicpa.com,,"Tax, accounting",,"Wave 4 Prospects - Added March 12, 2026 (Batch Research)",No,,,,,,
84,Hayes & Associates CPA,(402) 390-2480,info@hayes.cpa,Confirmed,"Omaha, NE (Midwest)",https://hayes.cpa,,"Tax, accounting, consulting",,"Wave 4 Prospects - Added March 12, 2026 (Batch Research)",No,,,,,,
85,ProActive Tax CPA,(406) 589-6093,info@proactivetaxcpa.com,Confirmed,"Bozeman, MT (Mountain)",https://proactivetaxcpa.com,,"Full-service tax, accounting, consulting",,"Wave 4 Prospects - Added March 12, 2026 (Batch Research)",No,,,,,,
86,Idaho Tax & Accounting,,info@idahotaxandaccounting.com,Confirmed,"Boise, ID (Mountain)",https://idahotaxandaccounting.com,,"Tax, accounting",,"Wave 4 Prospects - Added March 12, 2026 (Batch Research)",No,,,,,,
87,Czarniecki & Company,(208) 376-4499,info@czarcpas.com,Confirmed,"Boise, ID (Mountain)",https://czarcpas.com,,"Tax resolution, tax preparation",,"Wave 4 Prospects - Added March 12, 2026 (Batch Research)",No,,,,,,
88,Yuda & Associates CPA,,mike@yuda.com,Confirmed,"Honolulu, HI (Pacific)",https://yuda.com,,"Accounting, tax",,"Wave 4 Prospects - Added March 12, 2026 (Batch Research)",No,,,,,,
89,Upstate Professional CPA Services,,admin@upstatecpallc.com,Confirmed,"Greer, SC (Southeast)",https://upstatecpallc.com,,Full-service CPA,,"Wave 4 Prospects - Added March 12, 2026 (Batch Research)",No,,,,,,
90,Charles A. Ford CPA,,office@charlesfordcpa.com,Confirmed,"Greenville, SC (Southeast)",https://charlesfordcpa.com,,Accounting for small businesses,,"Wave 4 Prospects - Added March 12, 2026 (Batch Research)",No,,,,,,
91,Mitchell & Kuharsky CPA,(864) 298-2845,info@mk.cpa,Confirmed,"Greenville, SC (Southeast)",https://mk.cpa,,"Tax, accounting, consulting",,"Wave 4 Prospects - Added March 12, 2026 (Batch Research)",No,,,,,,
92,Jennifer Griffith CPA,(505) 884-3703,admin@robertclarkcpa.com,Confirmed,"Albuquerque, NM (Southwest)",https://robertclarkcpa.com,,"QuickBooks, tax, accounting for small businesses",,"Wave 4 Prospects - Added March 12, 2026 (Batch Research)",No,,,,,,
93,Rogers CPA,(505) 878-0829,info@rogerscpas.com,Confirmed,"Albuquerque, NM (Southwest)",https://rogerscpas.com,,"Full-service tax, accounting, consulting",,"Wave 4 Prospects - Added March 12, 2026 (Batch Research)",No,,,,,,
94,Murphy and Associates,,marlene@mmurphycpa.com,Confirmed,"Little Rock, AR (Southeast)",https://mmurphycpa.com,,"Bookkeeping, tax for small businesses",,"Wave 4 Prospects - Added March 12, 2026 (Batch Research)",No,,,,,,
95,Frazer & Persac LLC,(225) 769-4123,rennea@fpcpa.com,Confirmed,"Baton Rouge, LA (Southeast)",https://fpcpa.com,,"QuickBooks, small business accounting, tax",,"Wave 4 Prospects - Added March 12, 2026 (Batch Research)",No,,,,,,
96,Fresh Start Tax & Accounting LLC,,welovenumbers@freshstartcpa.com,Confirmed,"Baltimore, MD (Northeast)",https://www.freshstartcpa.com,,"Tax preparation, bookkeeping, accounting",,"Wave 5 Prospects - Added March 12, 2026 (Final Batch)",No,,,,,,
97,Bridges & Associates CPAs,,jbridges@bridgescpas.com,Confirmed,"Baltimore, MD (Northeast)",https://www.bridgescpas.com,,"CPA for real estate investors and business owners, tax planning, bookkeeping",,"Wave 5 Prospects - Added March 12, 2026 (Final Batch)",No,,,,,,
98,Siegel and Company PC,(412) 443-5078,george@siegelandcompany.com,Confirmed,"Pittsburgh, PA (Northeast)",https://www.siegelandcompany.com,,"Full service tax, accounting, business consulting",,"Wave 5 Prospects - Added March 12, 2026 (Final Batch)",No,,,,,,
99,Eric Rossi CPA LLC,(412) 714-8650,erossi@ericrossicpa.com,Confirmed,"Pittsburgh, PA (Northeast)",https://www.ericrossicpa.com,,"Tax, accounting, business consulting",,"Wave 5 Prospects - Added March 12, 2026 (Final Batch)",No,,,,,,
100,Reller & Company CPA PC,(816) 926-0900,info@rellercpa.com,Confirmed,"Kansas City, MO (Midwest)",https://www.rellercpa.com,,"Tax, accounting, small business",,"Wave 5 Prospects - Added March 12, 2026 (Final Batch)",No,,,,,,
101,AM CPA,,info@amcpakc.com,Confirmed,"Kansas City, MO (Midwest)",https://amcpakc.com,,"Tax, accounting",,"Wave 5 Prospects - Added March 12, 2026 (Final Batch)",No,,,,,,
102,WTA Tax (Westgate Tax & Accounting),,shawn@wta.tax,Confirmed,"Kansas City, MO (Midwest)",https://wta.tax,,"QuickBooks, bookkeeping, income tax, small business",,"Wave 5 Prospects - Added March 12, 2026 (Final Batch)",No,,,,,,
103,G4 CPA Firm Inc,,acappellino@g4cpa.com,Confirmed,"Richmond, VA (Southeast)",https://www.g4cpa.com,,"Tax, accounting, consulting for individuals and small businesses",,"Wave 5 Prospects - Added March 12, 2026 (Final Batch)",No,,,,,,
104,Garner Adams & Associates PLLC,(804) 740-6036,ggarner@garnercpa.com,Confirmed,"Richmond, VA (Southeast)",https://www.garnercpa.com,,"CPA - tax, accounting, small business",,"Wave 5 Prospects - Added March 12, 2026 (Final Batch)",No,,,,,,
105,Klingler & Associates,(801) 676-0945,info@klinglercpa.com,Confirmed,"Salt Lake City, UT (Mountain)",https://klinglercpa.com,,"Tax prep, payroll, accounting for small businesses",,"Wave 5 Prospects - Added March 12, 2026 (Final Batch)",No,,,,,,
106,Thorne and Associates,(801) 262-2986,mark@thorne-cpa.com,Confirmed,"Salt Lake City, UT (Mountain)",https://www.thorne-cpa.com,,"Tax, accounting, business consulting",,"Wave 5 Prospects - Added March 12, 2026 (Final Batch)",No,,,,,,
107,SLC Bookkeeping,,sales@slcbookkeeping.com,Confirmed,"Salt Lake City, UT (Mountain)",https://slcbookkeeping.com,,"Outsourced bookkeeping, QuickBooks Online, payroll",,"Wave 5 Prospects - Added March 12, 2026 (Final Batch)",No,,,,,,
108,Nosbush Tax,(816) 479-4977,christine@nosbushtax.com,Confirmed,"Kansas City, MO (Midwest)",https://www.nosbushtax.com,,Tax preparation and planning for individuals and small businesses,,"Wave 5 Prospects - Added March 12, 2026 (Final Batch)",No,,,,,,
109,Zacharias Lawrence CPA (ZachCPA),(813) 254-3206,info@zachcpa.com,Confirmed,"Tampa, FL (Southeast)",https://zachcpa.com,,"CPA, tax preparation",,"Wave 6 Prospects - Added March 12, 2026 (50+ Expansion)",No,,,,,,
110,"HHH CPAs (Howard, Howard & Howard)",(407) 333-8110,info@howardcpas.com,Confirmed,"Tampa, FL (Southeast)",https://howardcpas.com,,Small business accounting,,"Wave 6 Prospects - Added March 12, 2026 (50+ Expansion)",No,,,,,,
111,Sapanara & Wyman PA,(813) 874-6664,info@sapanarawymancpa.com,Confirmed,"Tampa, FL (Southeast)",http://www.sapanarawymancpa.com,,"Tax, accounting",,"Wave 6 Prospects - Added March 12, 2026 (50+ Expansion)",No,,,,,,
112,Yo & Co CPA,(813) 914-9191,syo@yocpa.com,Confirmed,"Tampa, FL (Southeast)",https://www.yocpa.com,,"Tax, accounting",,"Wave 6 Prospects - Added March 12, 2026 (50+ Expansion)",No,,,,,,
113,Hacker Johnson & Smith PA,(813) 286-2424,info@hackerjohnson.com,Confirmed,"Tampa, FL (Southeast)",https://hackerjohnson.com,,"Audit, tax",,"Wave 6 Prospects - Added March 12, 2026 (50+ Expansion)",No,,,,,,
114,SK Financial,(813) 322-3936,sk@skfinancial.com,Confirmed,"Tampa, FL (Southeast)",https://skfinancial.com,,"Small business taxes, bookkeeping",,"Wave 6 Prospects - Added March 12, 2026 (50+ Expansion)",No,,,,,,
115,Noble Tax Strategies & Wealth Planning,(813) 395-8927,support@nobletaxstrategies.com,Confirmed,"Zephyrhills, FL (Tampa area, Southeast)",https://www.nobletaxstrategies.com,,"Tax, accounting, investment management",,"Wave 6 Prospects - Added March 12, 2026 (50+ Expansion)",No,,,,,,
116,Guardian Accounting Group,(813) 746-8208,admin@guardianaccountinggroup.com,Confirmed,"Tampa, FL (Southeast)",https://www.guardianaccountinggroup.com,,"Tax accounting, bookkeeping, outsourcing",,"Wave 6 Prospects - Added March 12, 2026 (50+ Expansion)",No,,,,,,
117,Kerkering Barberio & Co,(941) 365-4617,kbcpa@kbgrp.com,Confirmed,"Sarasota, FL (Southeast)",https://kbgrp.com,,"CPA, accounting",,"Wave 6 Prospects - Added March 12, 2026 (50+ Expansion)",No,,,,,,
118,Ryan Consulting Group PA,(813) 448-1280,info@ryanconsultingcpa.com,Confirmed,"Tampa, FL (Southeast)",https://www.ryanconsultingcpa.com,,CPA services,,"Wave 6 Prospects - Added March 12, 2026 (50+ Expansion)",No,,,,,,
119,Bishop CPA LLC,,edbernal@bishcpa.com,Confirmed,"Tampa Bay, FL (Southeast)",https://bishcpa.com,,Full-service tax and accounting,,"Wave 6 Prospects - Added March 12, 2026 (50+ Expansion)",No,,,,,,
120,Xel Advisors,(866) 793-5272,hello@xeladvisors.com,Confirmed,"Orlando, FL (Southeast)",https://xeladvisors.com,,"CPA, wealth management, insurance",,"Wave 6 Prospects - Added March 12, 2026 (50+ Expansion)",No,,,,,,
121,UpFront CPA,,info@upfrontcpa.com,Confirmed,"Orlando, FL (Southeast)",https://www.upfrontcpa.com,,"CPA, bookkeeping",,"Wave 6 Prospects - Added March 12, 2026 (50+ Expansion)",No,,,,,,
122,Baldwin Accounting CPA,,info@baldwinaccountingcpa.com,Confirmed,"Orlando, FL (Southeast)",https://baldwinaccountingcpa.com,,Accounting,,"Wave 6 Prospects - Added March 12, 2026 (50+ Expansion)",No,,,,,,
123,CPA Accounting (Orlando),,contactus@cpaaccounting.biz,Confirmed,"Orlando, FL (Southeast)",https://www.cpaaccounting.biz,,"Tax, accounting",,"Wave 6 Prospects - Added March 12, 2026 (50+ Expansion)",No,,,,,,
124,Ramos Accounting & Tax Services,,info@ramosaccounting.net,Confirmed,"Sunrise, FL (Southeast)",https://www.ramosaccounting.net,,"Accounting, tax",,"Wave 6 Prospects - Added March 12, 2026 (50+ Expansion)",No,,,,,,
125,Fajardo CPA,(407) 720-7220,ana@fajardocpa.com,Confirmed,"Orlando, FL (Southeast)",https://www.fajardocpa.com,,CPA,,"Wave 6 Prospects - Added March 12, 2026 (50+ Expansion)",No,,,,,,
126,Spencer & Burgay CPAs PA,,info@orlandofl-cpa.com,Confirmed,"Orlando, FL (Southeast)",https://www.orlandofl-cpa.com,,"Tax, accounting",,"Wave 6 Prospects - Added March 12, 2026 (50+ Expansion)",No,,,,,,
127,Maige & Sizemore CPA PA (Calibra),(904) 737-7756,admin@calibra.cpa,Confirmed,"Jacksonville, FL (Southeast)",https://www.calibra.cpa,,Accounting,,"Wave 6 Prospects - Added March 12, 2026 (50+ Expansion)",No,,,,,,
128,Brock CPA,(904) 330-0268,csellers@brockcpa.com,Confirmed,"Jacksonville, FL (Southeast)",https://brockcpa.com,,CPA,,"Wave 6 Prospects - Added March 12, 2026 (50+ Expansion)",No,,,,,,
129,Jacksonville CPA Firm,,info@jacksonvillecpafirm.com,Confirmed,"Jacksonville, FL (Southeast)",https://jacksonvillecpafirm.com,,"Tax, audit, advisory",,"Wave 6 Prospects - Added March 12, 2026 (50+ Expansion)",No,,,,,,
130,David R. Dingus CPA LLC,,info@drdcpa.com,Confirmed,"Savannah, GA (Southeast)",https://www.drdcpa.com,,"Tax, accounting",,"Wave 6 Prospects - Added March 12, 2026 (50+ Expansion)",No,,,,,,
131,Sadowski & Company,(912) 232-2211,info@sadowskico.com,Confirmed,"Savannah, GA (Southeast)",https://www.sadowskico.com,,"Tax, accounting for small and mid-sized businesses",,"Wave 6 Prospects - Added March 12, 2026 (50+ Expansion)",No,,,,,,
132,McKeever & Spisso LLC,(912) 228-8732,info@mckeeverspisso.com,Confirmed,"Savannah, GA (Southeast)",https://www.mckeeverspisso.com,,"Tax, accounting",,"Wave 6 Prospects - Added March 12, 2026 (50+ Expansion)",No,,,,,,
133,Accountants CPA Hartford (William Brighenti),(860) 828-3269,info@cpa-connecticut.com,Confirmed,"Hartford/Berlin, CT (Northeast)",https://www.cpa-connecticut.com,,"QuickBooks ProAdvisor, bookkeeping, tax, business valuation",,"Wave 6 Prospects - Added March 12, 2026 (50+ Expansion)",No,,,,,,
134,Sunrise Accounting & Taxation Services LLC,(860) 293-1103,miguel.correa@sunrisetax.net,Confirmed,"Hartford, CT (Northeast)",https://www.sunrisetax.net,,"Tax, accounting, business consulting",,"Wave 6 Prospects - Added March 12, 2026 (50+ Expansion)",No,,,,,,
135,Helming & Company PC,(203) 265-2048,chelming@helmingcpas.com,Confirmed,"Hartford, CT (Northeast)",https://www.helmingcpas.com,,"Accounting, bookkeeping, financial statements, payroll",,"Wave 6 Prospects - Added March 12, 2026 (50+ Expansion)",No,,,,,,
136,CPAOKC PLLC,(405) 843-1011,admin@cpaokc.net,Confirmed,"Oklahoma City, OK (Southwest)",https://www.cpaokc.net,,"Tax, accounting",,"Wave 6 Prospects - Added March 12, 2026 (50+ Expansion)",No,,,,,,
137,Heritage CPAs PLLC,(405) 803-8088,info@heritagecpas.com,Confirmed,"Oklahoma City, OK (Southwest)",https://www.heritagecpas.com,,"Tax, accounting, business consulting",,"Wave 6 Prospects - Added March 12, 2026 (50+ Expansion)",No,,,,,,
138,Amore and Beatman CPAs LLC,(203) 562-1861,abeatman@abcpas-ct.com,Confirmed,"New Haven, CT (Northeast)",https://abcpas-ct.com,,"Tax services, accounting, financial planning",,"Wave 6 Prospects - Added March 12, 2026 (50+ Expansion)",No,,,,,,
139,William P. Connor CPA LLC,(603) 623-9868,Bill@wpconnorcpa.com,Confirmed,"Manchester, NH (Northeast)",https://wpconnorcpa.com,,"Tax preparation, small business accounting",,"Wave 6 Prospects - Added March 12, 2026 (50+ Expansion)",No,,,,,,
140,Edwards CPA Group,(603) 286-8000,support@edwardscpagroup.com,Confirmed,"Northfield, NH (Northeast)",https://edwardscpagroup.com,,"Tax planning, bookkeeping, payroll",,"Wave 6 Prospects - Added March 12, 2026 (50+ Expansion)",No,,,,,,
141,ELT CPA,(508) 759-8328,ernie@eltcpa.com,Confirmed,"Concord, NH (Northeast)",https://eltcpa.com,,"Tax preparation, accounting",,"Wave 6 Prospects - Added March 12, 2026 (50+ Expansion)",No,,,,,,
142,Fidelis CPA,(202) 897-1919,info@fideliscpa.com,Confirmed,"Washington, DC (Northeast)",https://fideliscpa.com,,"Tax, accounting, IRS resolution",,"Wave 6 Prospects - Added March 12, 2026 (50+ Expansion)",No,,,,,,
143,Marietta CPAs,(317) 216-1040,office@mariettacpa.com,Confirmed,"Indianapolis, IN (Midwest)",https://mariettacpa.com,,"Tax, accounting, advisory",,"Wave 6 Prospects - Added March 12, 2026 (50+ Expansion)",No,,,,,,
144,Martin Associates PA,(207) 797-2746,john@martincpa.com,Confirmed,"Portland, ME (Northeast)",https://martincpa.com,,Full-service tax and accounting,,"Wave 6 Prospects - Added March 12, 2026 (50+ Expansion)",No,,,,,,
145,CPAccounting Solutions,(904) 853-1840,jshaner@cpaccountingsolutions.net,Confirmed,"Jacksonville, FL (Southeast)",https://cpaccountingsolutions.net,,"Tax, accounting, financial planning",,"Wave 6 Prospects - Added March 12, 2026 (50+ Expansion)",No,,,,,,
146,CPA Orlando,(407) 657-5440,info@cpaorlando.net,Confirmed,"Winter Park/Orlando, FL (Southeast)",https://cpaorlando.net,,"Tax preparation, bookkeeping, payroll",,"Wave 6 Prospects - Added March 12, 2026 (50+ Expansion)",No,,,,,,
147,Papaleo Rosen & Chelf PA,(302) 798-2300,jjarrell@prccpa.com,Confirmed,"Wilmington, DE (Northeast)",https://prccpa.com,,"Tax, accounting (3 DE locations)",,"Wave 6 Prospects - Added March 12, 2026 (50+ Expansion)",No,,,,,,
148,Simms & Company PLLC,(304) 346-8256,info@simmscpa.com,Confirmed,"Charleston, WV (Southeast)",https://simmscpa.com,,"Tax, accounting, oil and gas",,"Wave 6 Prospects - Added March 12, 2026 (50+ Expansion)",No,,,,,,
149,Ellis & Ellis PLLC,(304) 342-4169,info@elliscpa.com,Confirmed,"Charleston, WV (Southeast)",https://elliscpa.com,,"Tax services, audits, reviews",,"Wave 6 Prospects - Added March 12, 2026 (50+ Expansion)",No,,,,,,
150,Rollins Cleavenger and Rollins,(304) 343-5503,info@rcrcpa.com,Confirmed,"Charleston, WV (Southeast)",https://rcrcpa.com,,"Accounting, bookkeeping, payroll",,"Wave 6 Prospects - Added March 12, 2026 (50+ Expansion)",No,,,,,,
151,CPA Goss,(405) 841-1099,phil@cpagoss.com,Confirmed,"Oklahoma City, OK (Southwest)",https://cpagoss.com,,"Tax preparation, small business accounting",,"Wave 6 Prospects - Added March 12, 2026 (50+ Expansion)",No,,,,,,
152,James Dee Johnson & Company CPAs PC,(405) 943-1272,taxquestions@jdjcpa.net,Confirmed,"Oklahoma City, OK (Southwest)",https://www.jdjcpa.com,,"Tax, accounting",,"Wave 6 Prospects - Added March 12, 2026 (50+ Expansion)",No,,,,,,
153,Pete Orlando CPA PA,(904) 223-9331,pete@peteorlandocpa.com,Confirmed,"Jacksonville, FL (Southeast)",https://peteorlandocpa.com,,"Full-service tax, accounting, consulting",,"Wave 6 Prospects - Added March 12, 2026 (50+ Expansion)",No,,,,,,
154,Lindsey Parker & Martin PA,(601) 956-6612,info@lpmcpa.com,Confirmed,"Jackson, MS (Southeast)",https://lpmcpa.com,,"Full-service CPA, tax and accounting",,"Wave 6 Prospects - Added March 12, 2026 (50+ Expansion)",No,,,,,,
155,Johnson & Associates CPAs,(509) 326-1040,info@spokanecpa.com,Confirmed,"Spokane, WA (West Coast)",https://spokanecpa.com,,"Tax, accounting, business consulting",,"Wave 6 Prospects - Added March 12, 2026 (50+ Expansion)",No,,,,,,
156,Terry J. Redmon CPA,(775) 322-6363,terry@terryredmoncpa.com,Confirmed,"Reno, NV (West Coast)",https://terryredmoncpa.com,,"Tax planning, forensic accounting",,"Wave 6 Prospects - Added March 12, 2026 (50+ Expansion)",No,,,,,,
157,Hellings CPA Group LLC,(267) 613-8862,info@hellingscpagroup.com,Confirmed,"North Wales, PA (Philadelphia suburb, Northeast)",https://hellingscpagroup.com,,"Bookkeeping, tax, small business accounting",,"Wave 6 Prospects - Added March 12, 2026 (50+ Expansion)",No,,,,,,
158,JMM & Associates,(802) 655-5665,info@jmmcpa.net,Confirmed,"Colchester, VT (Northeast)",https://jmmcpa.net,,"Tax, accounting, business consulting",,"Wave 6 Prospects - Added March 12, 2026 (50+ Expansion)",No,,,,,,
159,W CPA Group,(559) 256-5600,info@twcpa.com,Confirmed,"Clovis/Fresno, CA (West Coast)",https://twcpa.com,,"Tax, accounting, business services",,"Wave 6 Prospects - Added March 12, 2026 (50+ Expansion)",No,,,,,,
160,The Royce CPA Firm,(520) 321-4626,ana@theroycecpafirm.com,Confirmed,"Tucson, AZ (Southwest)",https://theroycecpafirm.com,,"Small business accounting, tax preparation",,"Wave 6 Prospects - Added March 12, 2026 (50+ Expansion)",No,,,,,,
161,Robert V. Ramirez CPA PLLC,(520) 815-5000,robert@rvrcpa.com,Confirmed,"Tucson, AZ (Southwest)",https://rvrcpa.com,,"Tax, accounting, small business",,"Wave 6 Prospects - Added March 12, 2026 (50+ Expansion)",No,,,,,,
162,Thomas E. Scott CPA,(520) 908-6180,tscott@tescottcpa.com,Confirmed,"Tucson, AZ (Southwest)",https://tescottcpa.com,,"Tax, accounting, bookkeeping",,"Wave 6 Prospects - Added March 12, 2026 (50+ Expansion)",No,,,,,,
